"~id","~start_node_id","~end_node_id","~relationship_type","rel_class","from_id","to_id","id","rel_id"
"5:23bc656a-a591-4f3c-b93e-c04bc64f1e52:1152922604118474752","4:23bc656a-a591-4f3c-b93e-c04bc64f1e52:0","4:23bc656a-a591-4f3c-b93e-c04bc64f1e52:38","DEFINED_BY_QUANTITIES","IfcRelDefinesByProperties","16mzz5kV15mAyMAccFRkj4","3oNJ9yHi5FJuFnK8yg68Yt","1BA0VHArv909Ms582hMplk:16mzz5kV15mAyMAccFRkj4->3oNJ9yHi5FJuFnK8yg68Yt","1BA0VHArv909Ms582hMplk"
"5:23bc656a-a591-4f3c-b93e-c04bc64f1e52:1152921504606846977","4:23bc656a-a591-4f3c-b93e-c04bc64f1e52:1","4:23bc656a-a591-4f3c-b93e-c04bc64f1e52:39","DEFINED_BY_PROPERTIES","IfcRelDefinesByProperties","3UegLqoYrB5QLJ1Fl0C0gk","2gTJhghMT81QThk15l2VwR","3pBPuLNjn30eidIcFKyIfx:3UegLqoYrB5QLJ1Fl0C0gk->2gTJhghMT81QThk15l2VwR","3pBPuLNjn30eidIcFKyIfx"
"5:23bc656a-a591-4f3c-b93e-c04bc64f1e52:1152922604118474754","4:23bc656a-a591-4f3c-b93e-c04bc64f1e52:2","4:23bc656a-a591-4f3c-b93e-c04bc64f1e52:39","DEFINED_BY_QUANTITIES","IfcRelDefinesByProperties","3BkYHDW2b4LxsPRJLXlKa9","2gTJhghMT81QThk15l2VwR","3vxMmWz_j0mgJTa6nPhy_B:3BkYHDW2b4LxsPRJLXlKa9->2gTJhghMT81QThk15l2VwR","3vxMmWz_j0mgJTa6nPhy_B"
"5:23bc656a-a591-4f3c-b93e-c04bc64f1e52:1152921504606846979","4:23bc656a-a591-4f3c-b93e-c04bc64f1e52:3","4:23bc656a-a591-4f3c-b93e-c04bc64f1e52:34","DEFINED_BY_PROPERTIES","IfcRelDefinesByProperties","3IC75ptmHAcfynDO0H7l6Q","2iPwJwpPDCSgMheXwk9cBT","0PA6R2Jzr52AHk58oxcy4K:3IC75ptmHAcfynDO0H7l6Q->2iPwJwpPDCSgMheXwk9cBT","0PA6R2Jzr52AHk58oxcy4K"
"5:23bc656a-a591-4f3c-b93e-c04bc64f1e52:1152921504606846980","4:23bc656a-a591-4f3c-b93e-c04bc64f1e52:4","4:23bc656a-a591-4f3c-b93e-c04bc64f1e52:40","DEFINED_BY_PROPERTIES","IfcRelDefinesByProperties","2ups0JG6n1VvC4pdB0zluW","0fqX614OH1YO1Njdxms2$Q","1ZAknfDjDF1eszlAeNdiun:2ups0JG6n1VvC4pdB0zluW->0fqX614OH1YO1Njdxms2$Q","1ZAknfDjDF1eszlAeNdiun"
"5:23bc656a-a591-4f3c-b93e-c04bc64f1e52:1152922604118474757","4:23bc656a-a591-4f3c-b93e-c04bc64f1e52:5","4:23bc656a-a591-4f3c-b93e-c04bc64f1e52:40","DEFINED_BY_QUANTITIES","IfcRelDefinesByProperties","2HMsp_L9P6I8CwQ6HNOQ_0","0fqX614OH1YO1Njdxms2$Q","18SCBIM$j6SxZvzgf0z8dm:2HMsp_L9P6I8CwQ6HNOQ_0->0fqX614OH1YO1Njdxms2$Q","18SCBIM$j6SxZvzgf0z8dm"
"5:23bc656a-a591-4f3c-b93e-c04bc64f1e52:1152921504606846982","4:23bc656a-a591-4f3c-b93e-c04bc64f1e52:6","4:23bc656a-a591-4f3c-b93e-c04bc64f1e52:41","DEFINED_BY_PROPERTIES","IfcRelDefinesByProperties","00EBcbCmP36Q43kDOMVxR1","0rh7bRO0L9fg1NzgGKU$Ut","256YYp2JL6Cx0WbxeIKq$J:00EBcbCmP36Q43kDOMVxR1->0rh7bRO0L9fg1NzgGKU$Ut","256YYp2JL6Cx0WbxeIKq$J"
"5:23bc656a-a591-4f3c-b93e-c04bc64f1e52:1152922604118474759","4:23bc656a-a591-4f3c-b93e-c04bc64f1e52:7","4:23bc656a-a591-4f3c-b93e-c04bc64f1e52:41","DEFINED_BY_QUANTITIES","IfcRelDefinesByProperties","28d0zpbA1FDgNVOoP3DC9B","0rh7bRO0L9fg1NzgGKU$Ut","13Ef3vovv1FBMPINZDiMkh:28d0zpbA1FDgNVOoP3DC9B->0rh7bRO0L9fg1NzgGKU$Ut","13Ef3vovv1FBMPINZDiMkh"
"5:23bc656a-a591-4f3c-b93e-c04bc64f1e52:1152921504606846984","4:23bc656a-a591-4f3c-b93e-c04bc64f1e52:8","4:23bc656a-a591-4f3c-b93e-c04bc64f1e52:42","DEFINED_BY_PROPERTIES","IfcRelDefinesByProperties","0fB$YzpQ9F5fXAwW3qqCyT","3roxUKbVv98xiUcl22_T07","3s2cOWY_f7xgExVmLuOC1F:0fB$YzpQ9F5fXAwW3qqCyT->3roxUKbVv98xiUcl22_T07","3s2cOWY_f7xgExVmLuOC1F"
"5:23bc656a-a591-4f3c-b93e-c04bc64f1e52:1152922604118474761","4:23bc656a-a591-4f3c-b93e-c04bc64f1e52:9","4:23bc656a-a591-4f3c-b93e-c04bc64f1e52:42","DEFINED_BY_QUANTITIES","IfcRelDefinesByProperties","30SHzCjOj6gPOjYeg44wl2","3roxUKbVv98xiUcl22_T07","2RqoGRc4HDKxh0mXR9aubO:30SHzCjOj6gPOjYeg44wl2->3roxUKbVv98xiUcl22_T07","2RqoGRc4HDKxh0mXR9aubO"
"5:23bc656a-a591-4f3c-b93e-c04bc64f1e52:1152921504606846986","4:23bc656a-a591-4f3c-b93e-c04bc64f1e52:10","4:23bc656a-a591-4f3c-b93e-c04bc64f1e52:43","DEFINED_BY_PROPERTIES","IfcRelDefinesByProperties","0PBH0wkMXC_RjGQReUd5h1","0Lvk$Qa81D5et3l3a4S9Vk","1kfOxVaUn7igK3ixTIT1mm:0PBH0wkMXC_RjGQReUd5h1->0Lvk$Qa81D5et3l3a4S9Vk","1kfOxVaUn7igK3ixTIT1mm"
"5:23bc656a-a591-4f3c-b93e-c04bc64f1e52:1152922604118474763","4:23bc656a-a591-4f3c-b93e-c04bc64f1e52:11","4:23bc656a-a591-4f3c-b93e-c04bc64f1e52:43","DEFINED_BY_QUANTITIES","IfcRelDefinesByProperties","0kLKoeMc5BnhcvmJ1GtKjL","0Lvk$Qa81D5et3l3a4S9Vk","3xGoWtpb5DkfUR1FSc5StW:0kLKoeMc5BnhcvmJ1GtKjL->0Lvk$Qa81D5et3l3a4S9Vk","3xGoWtpb5DkfUR1FSc5StW"
"5:23bc656a-a591-4f3c-b93e-c04bc64f1e52:1152921504606846988","4:23bc656a-a591-4f3c-b93e-c04bc64f1e52:12","4:23bc656a-a591-4f3c-b93e-c04bc64f1e52:44","DEFINED_BY_PROPERTIES","IfcRelDefinesByProperties","2QF6RwHpj16gEJ1wh5SKZA","2ddLgAnQf4mBfh5IpUp54U","1_Mz54MgPEf8invct8zsn4:2QF6RwHpj16gEJ1wh5SKZA->2ddLgAnQf4mBfh5IpUp54U","1_Mz54MgPEf8invct8zsn4"
"5:23bc656a-a591-4f3c-b93e-c04bc64f1e52:1152922604118474765","4:23bc656a-a591-4f3c-b93e-c04bc64f1e52:13","4:23bc656a-a591-4f3c-b93e-c04bc64f1e52:44","DEFINED_BY_QUANTITIES","IfcRelDefinesByProperties","0dIg8JLuXAjP9eWTNPMJjH","2ddLgAnQf4mBfh5IpUp54U","1Re7jJq7TFuwWj5pYY61Bl:0dIg8JLuXAjP9eWTNPMJjH->2ddLgAnQf4mBfh5IpUp54U","1Re7jJq7TFuwWj5pYY61Bl"
"5:23bc656a-a591-4f3c-b93e-c04bc64f1e52:1152921504606846990","4:23bc656a-a591-4f3c-b93e-c04bc64f1e52:14","4:23bc656a-a591-4f3c-b93e-c04bc64f1e52:45","DEFINED_BY_PROPERTIES","IfcRelDefinesByProperties","1l$mN4mE5EtgtEWbu7EEvJ","2fjJuPht9EIQaZQYZfC1Op","1A$xLWc2zFTAP4pjkGmuxr:1l$mN4mE5EtgtEWbu7EEvJ->2fjJuPht9EIQaZQYZfC1Op","1A$xLWc2zFTAP4pjkGmuxr"
"5:23bc656a-a591-4f3c-b93e-c04bc64f1e52:1152922604118474767","4:23bc656a-a591-4f3c-b93e-c04bc64f1e52:15","4:23bc656a-a591-4f3c-b93e-c04bc64f1e52:45","DEFINED_BY_QUANTITIES","IfcRelDefinesByProperties","3wSFIICx575gqnRY4FYR_E","2fjJuPht9EIQaZQYZfC1Op","2AUcjx78L3PAQTSMpi8$sr:3wSFIICx575gqnRY4FYR_E->2fjJuPht9EIQaZQYZfC1Op","2AUcjx78L3PAQTSMpi8$sr"
"5:23bc656a-a591-4f3c-b93e-c04bc64f1e52:1152923703630102544","4:23bc656a-a591-4f3c-b93e-c04bc64f1e52:16","4:23bc656a-a591-4f3c-b93e-c04bc64f1e52:46","DEFINED_BY_TYPE","IfcRelDefinesByType","39zsrh6sTE69jN0aDa_2y3","0pFmhV8oD1dB40_b4pscr8","2Ca0YqD5bBUxjYPcKrr8dB:39zsrh6sTE69jN0aDa_2y3->0pFmhV8oD1dB40_b4pscr8","2Ca0YqD5bBUxjYPcKrr8dB"
"5:23bc656a-a591-4f3c-b93e-c04bc64f1e52:1152923703630102545","4:23bc656a-a591-4f3c-b93e-c04bc64f1e52:17","4:23bc656a-a591-4f3c-b93e-c04bc64f1e52:36","DEFINED_BY_TYPE","IfcRelDefinesByType","0_8SeeJGr948J4bU1RPXce","0DyViLJJ175RvWQi1rE7a6","1Dq$Dv2C19kvvXmEBQkP5l:0_8SeeJGr948J4bU1RPXce->0DyViLJJ175RvWQi1rE7a6","1Dq$Dv2C19kvvXmEBQkP5l"
"5:23bc656a-a591-4f3c-b93e-c04bc64f1e52:1152923703630102546","4:23bc656a-a591-4f3c-b93e-c04bc64f1e52:18","4:23bc656a-a591-4f3c-b93e-c04bc64f1e52:37","DEFINED_BY_TYPE","IfcRelDefinesByType","0KOC4PbVP4CgUUcPIljzX8","3SGBcf7Lv0r80vKtUCgOpf","2j$nW3pT9Fewa4SjRDvSsa:0KOC4PbVP4CgUUcPIljzX8->3SGBcf7Lv0r80vKtUCgOpf","2j$nW3pT9Fewa4SjRDvSsa"
"5:23bc656a-a591-4f3c-b93e-c04bc64f1e52:1152923703630102547","4:23bc656a-a591-4f3c-b93e-c04bc64f1e52:19","4:23bc656a-a591-4f3c-b93e-c04bc64f1e52:38","DEFINED_BY_TYPE","IfcRelDefinesByType","2JyKYAYaHEEwkOiNxZBS0J","3oNJ9yHi5FJuFnK8yg68Yt","0Lutqys6D3UQmJeJXWcI9a:2JyKYAYaHEEwkOiNxZBS0J->3oNJ9yHi5FJuFnK8yg68Yt","0Lutqys6D3UQmJeJXWcI9a"
"5:23bc656a-a591-4f3c-b93e-c04bc64f1e52:1152923703630102548","4:23bc656a-a591-4f3c-b93e-c04bc64f1e52:20","4:23bc656a-a591-4f3c-b93e-c04bc64f1e52:47","DEFINED_BY_TYPE","IfcRelDefinesByType","10FwQBcdzD9ve3W6PvBTti","3dkFAzOGrAIuOzY_RdrdVv","22pEICzjP0uQNvM7rXMZ6g:10FwQBcdzD9ve3W6PvBTti->3dkFAzOGrAIuOzY_RdrdVv","22pEICzjP0uQNvM7rXMZ6g"
"5:23bc656a-a591-4f3c-b93e-c04bc64f1e52:1152923703630102549","4:23bc656a-a591-4f3c-b93e-c04bc64f1e52:21","4:23bc656a-a591-4f3c-b93e-c04bc64f1e52:39","DEFINED_BY_TYPE","IfcRelDefinesByType","3sv$5PJEr5hP_mSgN$A$GJ","2gTJhghMT81QThk15l2VwR","03jzp7gAn8ZhZ3yNm_TOEt:3sv$5PJEr5hP_mSgN$A$GJ->2gTJhghMT81QThk15l2VwR","03jzp7gAn8ZhZ3yNm_TOEt"
"5:23bc656a-a591-4f3c-b93e-c04bc64f1e52:1152923703630102550","4:23bc656a-a591-4f3c-b93e-c04bc64f1e52:22","4:23bc656a-a591-4f3c-b93e-c04bc64f1e52:34","DEFINED_BY_TYPE","IfcRelDefinesByType","0GE$iSXKL8jAEeHi$mszPq","2iPwJwpPDCSgMheXwk9cBT","3vwqwSGfL8LeMOHvcbNbYk:0GE$iSXKL8jAEeHi$mszPq->2iPwJwpPDCSgMheXwk9cBT","3vwqwSGfL8LeMOHvcbNbYk"
"5:23bc656a-a591-4f3c-b93e-c04bc64f1e52:1152923703630102551","4:23bc656a-a591-4f3c-b93e-c04bc64f1e52:23","4:23bc656a-a591-4f3c-b93e-c04bc64f1e52:40","DEFINED_BY_TYPE","IfcRelDefinesByType","1_UeVn6yDFiQNhUkRsBNZI","0fqX614OH1YO1Njdxms2$Q","0QaU_JWFP0egFTAfCdiIGO:1_UeVn6yDFiQNhUkRsBNZI->0fqX614OH1YO1Njdxms2$Q","0QaU_JWFP0egFTAfCdiIGO"
"5:23bc656a-a591-4f3c-b93e-c04bc64f1e52:1155175503443787799","4:23bc656a-a591-4f3c-b93e-c04bc64f1e52:23","4:23bc656a-a591-4f3c-b93e-c04bc64f1e52:41","DEFINED_BY_TYPE","IfcRelDefinesByType","1_UeVn6yDFiQNhUkRsBNZI","0rh7bRO0L9fg1NzgGKU$Ut","0QaU_JWFP0egFTAfCdiIGO:1_UeVn6yDFiQNhUkRsBNZI->0rh7bRO0L9fg1NzgGKU$Ut","0QaU_JWFP0egFTAfCdiIGO"
"5:23bc656a-a591-4f3c-b93e-c04bc64f1e52:1157427303257473047","4:23bc656a-a591-4f3c-b93e-c04bc64f1e52:23","4:23bc656a-a591-4f3c-b93e-c04bc64f1e52:42","DEFINED_BY_TYPE","IfcRelDefinesByType","1_UeVn6yDFiQNhUkRsBNZI","3roxUKbVv98xiUcl22_T07","0QaU_JWFP0egFTAfCdiIGO:1_UeVn6yDFiQNhUkRsBNZI->3roxUKbVv98xiUcl22_T07","0QaU_JWFP0egFTAfCdiIGO"
"5:23bc656a-a591-4f3c-b93e-c04bc64f1e52:1159679103071158295","4:23bc656a-a591-4f3c-b93e-c04bc64f1e52:23","4:23bc656a-a591-4f3c-b93e-c04bc64f1e52:43","DEFINED_BY_TYPE","IfcRelDefinesByType","1_UeVn6yDFiQNhUkRsBNZI","0Lvk$Qa81D5et3l3a4S9Vk","0QaU_JWFP0egFTAfCdiIGO:1_UeVn6yDFiQNhUkRsBNZI->0Lvk$Qa81D5et3l3a4S9Vk","0QaU_JWFP0egFTAfCdiIGO"
"5:23bc656a-a591-4f3c-b93e-c04bc64f1e52:1161930902884843543","4:23bc656a-a591-4f3c-b93e-c04bc64f1e52:23","4:23bc656a-a591-4f3c-b93e-c04bc64f1e52:44","DEFINED_BY_TYPE","IfcRelDefinesByType","1_UeVn6yDFiQNhUkRsBNZI","2ddLgAnQf4mBfh5IpUp54U","0QaU_JWFP0egFTAfCdiIGO:1_UeVn6yDFiQNhUkRsBNZI->2ddLgAnQf4mBfh5IpUp54U","0QaU_JWFP0egFTAfCdiIGO"
"5:23bc656a-a591-4f3c-b93e-c04bc64f1e52:1164182702698528791","4:23bc656a-a591-4f3c-b93e-c04bc64f1e52:23","4:23bc656a-a591-4f3c-b93e-c04bc64f1e52:45","DEFINED_BY_TYPE","IfcRelDefinesByType","1_UeVn6yDFiQNhUkRsBNZI","2fjJuPht9EIQaZQYZfC1Op","0QaU_JWFP0egFTAfCdiIGO:1_UeVn6yDFiQNhUkRsBNZI->2fjJuPht9EIQaZQYZfC1Op","0QaU_JWFP0egFTAfCdiIGO"
"5:23bc656a-a591-4f3c-b93e-c04bc64f1e52:1152923703630102552","4:23bc656a-a591-4f3c-b93e-c04bc64f1e52:24","4:23bc656a-a591-4f3c-b93e-c04bc64f1e52:48","DEFINED_BY_TYPE","IfcRelDefinesByType","1i7uuLYVf6ShdGFfCgAhuD","2r_8UEywH9_RLHe8z$Xa8J","2WxkgoJp57vPJ9Jr6S$j_w:1i7uuLYVf6ShdGFfCgAhuD->2r_8UEywH9_RLHe8z$Xa8J","2WxkgoJp57vPJ9Jr6S$j_w"
"5:23bc656a-a591-4f3c-b93e-c04bc64f1e52:6917531226664337457","4:23bc656a-a591-4f3c-b93e-c04bc64f1e52:24","4:23bc656a-a591-4f3c-b93e-c04bc64f1e52:49","DEFINED_BY_TYPE","IfcRelDefinesByType","1i7uuLYVf6ShdGFfCgAhuD","2cc4uJUVv5BevbidUpn1H3","2WxkgoJp57vPJ9Jr6S$j_w:1i7uuLYVf6ShdGFfCgAhuD->2cc4uJUVv5BevbidUpn1H3","2WxkgoJp57vPJ9Jr6S$j_w"
"5:23bc656a-a591-4f3c-b93e-c04bc64f1e52:1152924803141730329","4:23bc656a-a591-4f3c-b93e-c04bc64f1e52:25","4:23bc656a-a591-4f3c-b93e-c04bc64f1e52:46","ASSOCIATED_MATERIAL","IfcRelAssociatesMaterial","IfcMaterial:56","0pFmhV8oD1dB40_b4pscr8","0oKrXjQf58gwTDmoHg_xVx:IfcMaterial:56->0pFmhV8oD1dB40_b4pscr8","0oKrXjQf58gwTDmoHg_xVx"
"5:23bc656a-a591-4f3c-b93e-c04bc64f1e52:1152924803141730330","4:23bc656a-a591-4f3c-b93e-c04bc64f1e52:26","4:23bc656a-a591-4f3c-b93e-c04bc64f1e52:36","ASSOCIATED_MATERIAL","IfcRelAssociatesMaterial","IfcMaterial:81","0DyViLJJ175RvWQi1rE7a6","0sAYN8OJzFKu1rNoJBdSki:IfcMaterial:81->0DyViLJJ175RvWQi1rE7a6","0sAYN8OJzFKu1rNoJBdSki"
"5:23bc656a-a591-4f3c-b93e-c04bc64f1e52:1155176602955415578","4:23bc656a-a591-4f3c-b93e-c04bc64f1e52:26","4:23bc656a-a591-4f3c-b93e-c04bc64f1e52:37","ASSOCIATED_MATERIAL","IfcRelAssociatesMaterial","IfcMaterial:81","3SGBcf7Lv0r80vKtUCgOpf","0sAYN8OJzFKu1rNoJBdSki:IfcMaterial:81->3SGBcf7Lv0r80vKtUCgOpf","0sAYN8OJzFKu1rNoJBdSki"
"5:23bc656a-a591-4f3c-b93e-c04bc64f1e52:1157428402769100826","4:23bc656a-a591-4f3c-b93e-c04bc64f1e52:26","4:23bc656a-a591-4f3c-b93e-c04bc64f1e52:38","ASSOCIATED_MATERIAL","IfcRelAssociatesMaterial","IfcMaterial:81","3oNJ9yHi5FJuFnK8yg68Yt","0sAYN8OJzFKu1rNoJBdSki:IfcMaterial:81->3oNJ9yHi5FJuFnK8yg68Yt","0sAYN8OJzFKu1rNoJBdSki"
"5:23bc656a-a591-4f3c-b93e-c04bc64f1e52:1161932002396471322","4:23bc656a-a591-4f3c-b93e-c04bc64f1e52:26","4:23bc656a-a591-4f3c-b93e-c04bc64f1e52:39","ASSOCIATED_MATERIAL","IfcRelAssociatesMaterial","IfcMaterial:81","2gTJhghMT81QThk15l2VwR","0sAYN8OJzFKu1rNoJBdSki:IfcMaterial:81->2gTJhghMT81QThk15l2VwR","0sAYN8OJzFKu1rNoJBdSki"
"5:23bc656a-a591-4f3c-b93e-c04bc64f1e52:1159680202582786074","4:23bc656a-a591-4f3c-b93e-c04bc64f1e52:26","4:23bc656a-a591-4f3c-b93e-c04bc64f1e52:47","ASSOCIATED_MATERIAL","IfcRelAssociatesMaterial","IfcMaterial:81","3dkFAzOGrAIuOzY_RdrdVv","0sAYN8OJzFKu1rNoJBdSki:IfcMaterial:81->3dkFAzOGrAIuOzY_RdrdVv","0sAYN8OJzFKu1rNoJBdSki"
"5:23bc656a-a591-4f3c-b93e-c04bc64f1e52:1152924803141730331","4:23bc656a-a591-4f3c-b93e-c04bc64f1e52:27","4:23bc656a-a591-4f3c-b93e-c04bc64f1e52:40","ASSOCIATED_MATERIAL","IfcRelAssociatesMaterial","IfcMaterial:218","0fqX614OH1YO1Njdxms2$Q","1NsDI1QVHFMfwizftDPlfC:IfcMaterial:218->0fqX614OH1YO1Njdxms2$Q","1NsDI1QVHFMfwizftDPlfC"
"5:23bc656a-a591-4f3c-b93e-c04bc64f1e52:1155176602955415579","4:23bc656a-a591-4f3c-b93e-c04bc64f1e52:27","4:23bc656a-a591-4f3c-b93e-c04bc64f1e52:41","ASSOCIATED_MATERIAL","IfcRelAssociatesMaterial","IfcMaterial:218","0rh7bRO0L9fg1NzgGKU$Ut","1NsDI1QVHFMfwizftDPlfC:IfcMaterial:218->0rh7bRO0L9fg1NzgGKU$Ut","1NsDI1QVHFMfwizftDPlfC"
"5:23bc656a-a591-4f3c-b93e-c04bc64f1e52:1157428402769100827","4:23bc656a-a591-4f3c-b93e-c04bc64f1e52:27","4:23bc656a-a591-4f3c-b93e-c04bc64f1e52:42","ASSOCIATED_MATERIAL","IfcRelAssociatesMaterial","IfcMaterial:218","3roxUKbVv98xiUcl22_T07","1NsDI1QVHFMfwizftDPlfC:IfcMaterial:218->3roxUKbVv98xiUcl22_T07","1NsDI1QVHFMfwizftDPlfC"
"5:23bc656a-a591-4f3c-b93e-c04bc64f1e52:1159680202582786075","4:23bc656a-a591-4f3c-b93e-c04bc64f1e52:27","4:23bc656a-a591-4f3c-b93e-c04bc64f1e52:43","ASSOCIATED_MATERIAL","IfcRelAssociatesMaterial","IfcMaterial:218","0Lvk$Qa81D5et3l3a4S9Vk","1NsDI1QVHFMfwizftDPlfC:IfcMaterial:218->0Lvk$Qa81D5et3l3a4S9Vk","1NsDI1QVHFMfwizftDPlfC"
"5:23bc656a-a591-4f3c-b93e-c04bc64f1e52:1161932002396471323","4:23bc656a-a591-4f3c-b93e-c04bc64f1e52:27","4:23bc656a-a591-4f3c-b93e-c04bc64f1e52:44","ASSOCIATED_MATERIAL","IfcRelAssociatesMaterial","IfcMaterial:218","2ddLgAnQf4mBfh5IpUp54U","1NsDI1QVHFMfwizftDPlfC:IfcMaterial:218->2ddLgAnQf4mBfh5IpUp54U","1NsDI1QVHFMfwizftDPlfC"
"5:23bc656a-a591-4f3c-b93e-c04bc64f1e52:1164183802210156571","4:23bc656a-a591-4f3c-b93e-c04bc64f1e52:27","4:23bc656a-a591-4f3c-b93e-c04bc64f1e52:45","ASSOCIATED_MATERIAL","IfcRelAssociatesMaterial","IfcMaterial:218","2fjJuPht9EIQaZQYZfC1Op","1NsDI1QVHFMfwizftDPlfC:IfcMaterial:218->2fjJuPht9EIQaZQYZfC1Op","1NsDI1QVHFMfwizftDPlfC"
"5:23bc656a-a591-4f3c-b93e-c04bc64f1e52:1152924803141730332","4:23bc656a-a591-4f3c-b93e-c04bc64f1e52:28","4:23bc656a-a591-4f3c-b93e-c04bc64f1e52:48","ASSOCIATED_MATERIAL","IfcRelAssociatesMaterial","IfcMaterial:347","2r_8UEywH9_RLHe8z$Xa8J","0h96c29SfAxQbCDOLFZN7y:IfcMaterial:347->2r_8UEywH9_RLHe8z$Xa8J","0h96c29SfAxQbCDOLFZN7y"
"5:23bc656a-a591-4f3c-b93e-c04bc64f1e52:1155176602955415580","4:23bc656a-a591-4f3c-b93e-c04bc64f1e52:28","4:23bc656a-a591-4f3c-b93e-c04bc64f1e52:49","ASSOCIATED_MATERIAL","IfcRelAssociatesMaterial","IfcMaterial:347","2cc4uJUVv5BevbidUpn1H3","0h96c29SfAxQbCDOLFZN7y:IfcMaterial:347->2cc4uJUVv5BevbidUpn1H3","0h96c29SfAxQbCDOLFZN7y"
"5:23bc656a-a591-4f3c-b93e-c04bc64f1e52:1155177702467043357","4:23bc656a-a591-4f3c-b93e-c04bc64f1e52:29","4:23bc656a-a591-4f3c-b93e-c04bc64f1e52:36","CONTAINED_IN","IfcRelContainedInSpatialStructure","1Ano2ZUxnEIvVQ_beukl8b","0DyViLJJ175RvWQi1rE7a6","32VVuS88fAuuHaSNYFaS2D:1Ano2ZUxnEIvVQ_beukl8b->0DyViLJJ175RvWQi1rE7a6","32VVuS88fAuuHaSNYFaS2D"
"5:23bc656a-a591-4f3c-b93e-c04bc64f1e52:1157429502280728605","4:23bc656a-a591-4f3c-b93e-c04bc64f1e52:29","4:23bc656a-a591-4f3c-b93e-c04bc64f1e52:37","CONTAINED_IN","IfcRelContainedInSpatialStructure","1Ano2ZUxnEIvVQ_beukl8b","3SGBcf7Lv0r80vKtUCgOpf","32VVuS88fAuuHaSNYFaS2D:1Ano2ZUxnEIvVQ_beukl8b->3SGBcf7Lv0r80vKtUCgOpf","32VVuS88fAuuHaSNYFaS2D"
"5:23bc656a-a591-4f3c-b93e-c04bc64f1e52:1159681302094413853","4:23bc656a-a591-4f3c-b93e-c04bc64f1e52:29","4:23bc656a-a591-4f3c-b93e-c04bc64f1e52:38","CONTAINED_IN","IfcRelContainedInSpatialStructure","1Ano2ZUxnEIvVQ_beukl8b","3oNJ9yHi5FJuFnK8yg68Yt","32VVuS88fAuuHaSNYFaS2D:1Ano2ZUxnEIvVQ_beukl8b->3oNJ9yHi5FJuFnK8yg68Yt","32VVuS88fAuuHaSNYFaS2D"
"5:23bc656a-a591-4f3c-b93e-c04bc64f1e52:1164184901721784349","4:23bc656a-a591-4f3c-b93e-c04bc64f1e52:29","4:23bc656a-a591-4f3c-b93e-c04bc64f1e52:39","CONTAINED_IN","IfcRelContainedInSpatialStructure","1Ano2ZUxnEIvVQ_beukl8b","2gTJhghMT81QThk15l2VwR","32VVuS88fAuuHaSNYFaS2D:1Ano2ZUxnEIvVQ_beukl8b->2gTJhghMT81QThk15l2VwR","32VVuS88fAuuHaSNYFaS2D"
"5:23bc656a-a591-4f3c-b93e-c04bc64f1e52:1152925902653358109","4:23bc656a-a591-4f3c-b93e-c04bc64f1e52:29","4:23bc656a-a591-4f3c-b93e-c04bc64f1e52:46","CONTAINED_IN","IfcRelContainedInSpatialStructure","1Ano2ZUxnEIvVQ_beukl8b","0pFmhV8oD1dB40_b4pscr8","32VVuS88fAuuHaSNYFaS2D:1Ano2ZUxnEIvVQ_beukl8b->0pFmhV8oD1dB40_b4pscr8","32VVuS88fAuuHaSNYFaS2D"
"5:23bc656a-a591-4f3c-b93e-c04bc64f1e52:1161933101908099101","4:23bc656a-a591-4f3c-b93e-c04bc64f1e52:29","4:23bc656a-a591-4f3c-b93e-c04bc64f1e52:47","CONTAINED_IN","IfcRelContainedInSpatialStructure","1Ano2ZUxnEIvVQ_beukl8b","3dkFAzOGrAIuOzY_RdrdVv","32VVuS88fAuuHaSNYFaS2D:1Ano2ZUxnEIvVQ_beukl8b->3dkFAzOGrAIuOzY_RdrdVv","32VVuS88fAuuHaSNYFaS2D"
"5:23bc656a-a591-4f3c-b93e-c04bc64f1e52:1152927002164985886","4:23bc656a-a591-4f3c-b93e-c04bc64f1e52:30","4:23bc656a-a591-4f3c-b93e-c04bc64f1e52:29","AGGREGATES","IfcRelAggregates","0c$N1CTon2BB2Sp89385G8","1Ano2ZUxnEIvVQ_beukl8b","2Z0bwx$9T0uvCFhebTd6KT:0c$N1CTon2BB2Sp89385G8->1Ano2ZUxnEIvVQ_beukl8b","2Z0bwx$9T0uvCFhebTd6KT"
"5:23bc656a-a591-4f3c-b93e-c04bc64f1e52:1152921504606847036","4:23bc656a-a591-4f3c-b93e-c04bc64f1e52:60","4:23bc656a-a591-4f3c-b93e-c04bc64f1e52:30","DEFINED_BY_PROPERTIES","IfcRelDefinesByProperties","18DB$FpSH4QhNntrrSRVGz","0c$N1CTon2BB2Sp89385G8","141p4IPfrBnRJ5dWbakDZK:18DB$FpSH4QhNntrrSRVGz->0c$N1CTon2BB2Sp89385G8","141p4IPfrBnRJ5dWbakDZK"
"5:23bc656a-a591-4f3c-b93e-c04bc64f1e52:1152925902653358110","4:23bc656a-a591-4f3c-b93e-c04bc64f1e52:30","4:23bc656a-a591-4f3c-b93e-c04bc64f1e52:34","CONTAINED_IN","IfcRelContainedInSpatialStructure","0c$N1CTon2BB2Sp89385G8","2iPwJwpPDCSgMheXwk9cBT","29g4gBcuH0hgx5H$n5Th1$:0c$N1CTon2BB2Sp89385G8->2iPwJwpPDCSgMheXwk9cBT","29g4gBcuH0hgx5H$n5Th1$"
"5:23bc656a-a591-4f3c-b93e-c04bc64f1e52:1155178801978671137","4:23bc656a-a591-4f3c-b93e-c04bc64f1e52:33","4:23bc656a-a591-4f3c-b93e-c04bc64f1e52:30","AGGREGATES","IfcRelAggregates","1Pbuu0tu59NfhrTsztVBK1","0c$N1CTon2BB2Sp89385G8","125RJLSU1E$x$3y4Ura4jb:1Pbuu0tu59NfhrTsztVBK1->0c$N1CTon2BB2Sp89385G8","125RJLSU1E$x$3y4Ura4jb"
"5:23bc656a-a591-4f3c-b93e-c04bc64f1e52:1152928101676613667","4:23bc656a-a591-4f3c-b93e-c04bc64f1e52:35","4:23bc656a-a591-4f3c-b93e-c04bc64f1e52:30","ASSOCIATED_CLASSIFICATION","IfcRelAssociatesClassification","IfcClassificationReference:35","0c$N1CTon2BB2Sp89385G8","03PQtV4nbFoPd97bT_31oH:IfcClassificationReference:35->0c$N1CTon2BB2Sp89385G8","03PQtV4nbFoPd97bT_31oH"
"5:23bc656a-a591-4f3c-b93e-c04bc64f1e52:1152927002164985887","4:23bc656a-a591-4f3c-b93e-c04bc64f1e52:31","4:23bc656a-a591-4f3c-b93e-c04bc64f1e52:32","AGGREGATES","IfcRelAggregates","2Ndyd$OSX7s9A04nc4lyye","23sFQGRy90RxVbRHD9iSE2","0oxik3NHL8WwNmRqfgUDeo:2Ndyd$OSX7s9A04nc4lyye->23sFQGRy90RxVbRHD9iSE2","0oxik3NHL8WwNmRqfgUDeo"
"5:23bc656a-a591-4f3c-b93e-c04bc64f1e52:6917534525199220769","4:23bc656a-a591-4f3c-b93e-c04bc64f1e52:32","4:23bc656a-a591-4f3c-b93e-c04bc64f1e52:33","AGGREGATES","IfcRelAggregates","23sFQGRy90RxVbRHD9iSE2","1Pbuu0tu59NfhrTsztVBK1","3zDClUSv10BgOdMB11_kd4:23sFQGRy90RxVbRHD9iSE2->1Pbuu0tu59NfhrTsztVBK1","3zDClUSv10BgOdMB11_kd4"
"5:23bc656a-a591-4f3c-b93e-c04bc64f1e52:1152927002164985890","4:23bc656a-a591-4f3c-b93e-c04bc64f1e52:34","4:23bc656a-a591-4f3c-b93e-c04bc64f1e52:40","AGGREGATES","IfcRelAggregates","2iPwJwpPDCSgMheXwk9cBT","0fqX614OH1YO1Njdxms2$Q","29hd6AocXDXOth5fT8VPXL:2iPwJwpPDCSgMheXwk9cBT->0fqX614OH1YO1Njdxms2$Q","29hd6AocXDXOth5fT8VPXL"
"5:23bc656a-a591-4f3c-b93e-c04bc64f1e52:1155178801978671138","4:23bc656a-a591-4f3c-b93e-c04bc64f1e52:34","4:23bc656a-a591-4f3c-b93e-c04bc64f1e52:41","AGGREGATES","IfcRelAggregates","2iPwJwpPDCSgMheXwk9cBT","0rh7bRO0L9fg1NzgGKU$Ut","29hd6AocXDXOth5fT8VPXL:2iPwJwpPDCSgMheXwk9cBT->0rh7bRO0L9fg1NzgGKU$Ut","29hd6AocXDXOth5fT8VPXL"
"5:23bc656a-a591-4f3c-b93e-c04bc64f1e52:1157430601792356386","4:23bc656a-a591-4f3c-b93e-c04bc64f1e52:34","4:23bc656a-a591-4f3c-b93e-c04bc64f1e52:42","AGGREGATES","IfcRelAggregates","2iPwJwpPDCSgMheXwk9cBT","3roxUKbVv98xiUcl22_T07","29hd6AocXDXOth5fT8VPXL:2iPwJwpPDCSgMheXwk9cBT->3roxUKbVv98xiUcl22_T07","29hd6AocXDXOth5fT8VPXL"
"5:23bc656a-a591-4f3c-b93e-c04bc64f1e52:1159682401606041634","4:23bc656a-a591-4f3c-b93e-c04bc64f1e52:34","4:23bc656a-a591-4f3c-b93e-c04bc64f1e52:43","AGGREGATES","IfcRelAggregates","2iPwJwpPDCSgMheXwk9cBT","0Lvk$Qa81D5et3l3a4S9Vk","29hd6AocXDXOth5fT8VPXL:2iPwJwpPDCSgMheXwk9cBT->0Lvk$Qa81D5et3l3a4S9Vk","29hd6AocXDXOth5fT8VPXL"
"5:23bc656a-a591-4f3c-b93e-c04bc64f1e52:1161934201419726882","4:23bc656a-a591-4f3c-b93e-c04bc64f1e52:34","4:23bc656a-a591-4f3c-b93e-c04bc64f1e52:44","AGGREGATES","IfcRelAggregates","2iPwJwpPDCSgMheXwk9cBT","2ddLgAnQf4mBfh5IpUp54U","29hd6AocXDXOth5fT8VPXL:2iPwJwpPDCSgMheXwk9cBT->2ddLgAnQf4mBfh5IpUp54U","29hd6AocXDXOth5fT8VPXL"
"5:23bc656a-a591-4f3c-b93e-c04bc64f1e52:1164186001233412130","4:23bc656a-a591-4f3c-b93e-c04bc64f1e52:34","4:23bc656a-a591-4f3c-b93e-c04bc64f1e52:45","AGGREGATES","IfcRelAggregates","2iPwJwpPDCSgMheXwk9cBT","2fjJuPht9EIQaZQYZfC1Op","29hd6AocXDXOth5fT8VPXL:2iPwJwpPDCSgMheXwk9cBT->2fjJuPht9EIQaZQYZfC1Op","29hd6AocXDXOth5fT8VPXL"
"5:23bc656a-a591-4f3c-b93e-c04bc64f1e52:1166437801047097378","4:23bc656a-a591-4f3c-b93e-c04bc64f1e52:34","4:23bc656a-a591-4f3c-b93e-c04bc64f1e52:48","AGGREGATES","IfcRelAggregates","2iPwJwpPDCSgMheXwk9cBT","2r_8UEywH9_RLHe8z$Xa8J","29hd6AocXDXOth5fT8VPXL:2iPwJwpPDCSgMheXwk9cBT->2r_8UEywH9_RLHe8z$Xa8J","29hd6AocXDXOth5fT8VPXL"
"5:23bc656a-a591-4f3c-b93e-c04bc64f1e52:1168689600860782626","4:23bc656a-a591-4f3c-b93e-c04bc64f1e52:34","4:23bc656a-a591-4f3c-b93e-c04bc64f1e52:49","AGGREGATES","IfcRelAggregates","2iPwJwpPDCSgMheXwk9cBT","2cc4uJUVv5BevbidUpn1H3","29hd6AocXDXOth5fT8VPXL:2iPwJwpPDCSgMheXwk9cBT->2cc4uJUVv5BevbidUpn1H3","29hd6AocXDXOth5fT8VPXL"
"5:23bc656a-a591-4f3c-b93e-c04bc64f1e52:1152921504606847037","4:23bc656a-a591-4f3c-b93e-c04bc64f1e52:61","4:23bc656a-a591-4f3c-b93e-c04bc64f1e52:36","DEFINED_BY_PROPERTIES","IfcRelDefinesByProperties","0hVJYXG1r7ywQAq8Vpug40","0DyViLJJ175RvWQi1rE7a6","37JtmMF1HE8uDDbwzFG43E:0hVJYXG1r7ywQAq8Vpug40->0DyViLJJ175RvWQi1rE7a6","37JtmMF1HE8uDDbwzFG43E"
"5:23bc656a-a591-4f3c-b93e-c04bc64f1e52:1152922604118474802","4:23bc656a-a591-4f3c-b93e-c04bc64f1e52:50","4:23bc656a-a591-4f3c-b93e-c04bc64f1e52:36","DEFINED_BY_QUANTITIES","IfcRelDefinesByProperties","0VVWsZ$_bFHgmAwNtcydte","0DyViLJJ175RvWQi1rE7a6","1SWTv4zQ95LhMduNc2qS5N:0VVWsZ$_bFHgmAwNtcydte->0DyViLJJ175RvWQi1rE7a6","1SWTv4zQ95LhMduNc2qS5N"
"5:23bc656a-a591-4f3c-b93e-c04bc64f1e52:1152921504606847027","4:23bc656a-a591-4f3c-b93e-c04bc64f1e52:51","4:23bc656a-a591-4f3c-b93e-c04bc64f1e52:37","DEFINED_BY_PROPERTIES","IfcRelDefinesByProperties","0ek$CCUjnFefFg04xFxxG_","3SGBcf7Lv0r80vKtUCgOpf","19ODOikkP12ekL3tHCBrti:0ek$CCUjnFefFg04xFxxG_->3SGBcf7Lv0r80vKtUCgOpf","19ODOikkP12ekL3tHCBrti"
"5:23bc656a-a591-4f3c-b93e-c04bc64f1e52:1152922604118474804","4:23bc656a-a591-4f3c-b93e-c04bc64f1e52:52","4:23bc656a-a591-4f3c-b93e-c04bc64f1e52:37","DEFINED_BY_QUANTITIES","IfcRelDefinesByProperties","22KfX2yaj4UBecOFxQr$3y","3SGBcf7Lv0r80vKtUCgOpf","3i60ni0ojBxOwszT3oi472:22KfX2yaj4UBecOFxQr$3y->3SGBcf7Lv0r80vKtUCgOpf","3i60ni0ojBxOwszT3oi472"
"5:23bc656a-a591-4f3c-b93e-c04bc64f1e52:1152921504606847029","4:23bc656a-a591-4f3c-b93e-c04bc64f1e52:53","4:23bc656a-a591-4f3c-b93e-c04bc64f1e52:38","DEFINED_BY_PROPERTIES","IfcRelDefinesByProperties","2DaAsqJGPDexb$sFANyw0e","3oNJ9yHi5FJuFnK8yg68Yt","0yeZtWBK50_x61UkYOEKtO:2DaAsqJGPDexb$sFANyw0e->3oNJ9yHi5FJuFnK8yg68Yt","0yeZtWBK50_x61UkYOEKtO"